辨識碼,卦序,卦名,爻辭,白話解析
1111111,1,乾,初九，潛龍，勿用。,潛藏的龍，切勿有任何作為。當養精畜銳的時候，凡事應當靜待時機，不宜行事，切勿躁進。
2111111,1,乾,九二，見龍在田，利見大人。,龍出現在田間，利於去拜見大人物。龍已出現在田間，象徵事情已出現端倪，不再潛藏。這時最好能積極主動，求見有權位的大人。
3111111,1,乾,九三，君子終日乾乾，夕惕若，厲无咎。,君子整日努力不懈怠，埋頭苦幹，夜晚更要自我反省警惕，艱難困苦，沒有罪咎。九三君子開始做事，但凡事起頭難，因此「終日健健，夕惕若」。若能夠忍受艱難困苦，則能免於罪咎。反之，若是怠慢以對，那麼就會有罪咎。
4111111,1,乾,九四，或躍在淵，无咎。,或許能夠躍出深不見底的水潭，沒有罪咎。九四則是嘗試突破的時候，因此說「或」，代表不確定。「躍」為突破的舉動，「或躍」就是嘗試突破現狀。
5111111,1,乾,九五，飛龍在天，利見大人。,飛翔的龍在天上，利於見有德位的大人。
6111111,1,乾,上九，亢龍有悔。,高傲的龍，會有悔恨。
1222222,2,坤,初六，履霜，堅冰至。,腳下踩著秋霜，顯示寒冬已近，將會結成堅硬的冰。霜為秋天之象，堅冰為嚴冬之象。腳踩秋天的霜就知道寒氣已在凝聚，嚴冬即將來臨。比喻凡事順勢而為，則可長久而堅定，積久而日漸成功。另一解讀為，告戒君子要防微杜漸，見微知著。
2222222,2,坤,六二，直方大，不習无不利。,正直、方正，而大度能容，天生有此德，不待學習，無所不利。
3222222,2,坤,六三，含章可貞，或從王事，无成有終。,內含文章之美而可以以此安定自守，但或者也可以選擇跟隨於王者做事，雖不能有所成就但也可以有個歸宿。
4222222,2,坤,六四，括囊，无咎无譽。,將袋口綁緊，比喻人應當謹言慎行，以求得沒有罪咎。六四為近於君位的多憂之地，因此只能戰戰競競，謹慎小心，以求得不犯錯，不要希求會得到任何的讚賞。
5222222,2,坤,六五，黃裳，元吉。,黃色下裙，大吉。黃為中色，黃裳比喻性情柔順而中庸。六五柔中，又處尊位，有美德而能自然表現於外。
6222222,2,坤,上六，龍戰于野，其血玄黃。,龍在野外打鬥相爭不下，兩敗俱傷，流出的血與泥土相混雜而成玄黃色。此比喻人未能一開始就辨明正邪，剛愎自用，最終疑心致極而引發爭端。另一比喻為小人居君子位，為惡多端，最終事態敗露而引來災難，窮途而沒路。
1212221,3,屯,初九，磐桓，利居貞，利建侯。,有磐石及大柱，根基及基礎非常穩固，宜於貞定，利於建立諸侯。這一爻為屯卦最開始的時候，此時正是建立根本，穩定基礎的時機。震為動，動處於內而不進，外有坎，互卦有艮，為動而不進之象。
2212221,3,屯,六二，屯如邅如，乘馬班如，匪寇婚媾。女子貞不字，十年乃字。,人馬聚集而盤旋不進，騎著馬在原地打轉。來者不是盜賊，而是來求婚者。女子因為守貞，因此一直未能懷孕生子。十年之後，才終於婚合而懷孕生子。十年比喻事情之艱難，需要長久等待與經營。而前面之乘馬則隱喻「馬上」求成之急切，但反而因此而被誤會為盜賊來犯，或者被認為是來逼婚，導致遭受懷疑而遇到了更大的困難。此比喻事情不能急切。
3212221,3,屯,六三，即鹿无虞，惟入于林中。君子幾不如舍，往吝。,到山林裡打獵，沒有守山林的人帶路就貿然進入，其危險可知。最好能知難而退。若一意前往，將自取其咎。
4212221,3,屯,六四，乘馬班如，求婚媾，往吉，无不利。,騎著馬在原地打轉，想要求婚合。勇往直前則吉，無所不利。
5212221,3,屯,九五，屯其膏，小貞吉，大貞凶。,屯積美食自己享用，問小事則吉，若是問大事則凶。
6212221,3,屯,上六，乘馬班如，泣血漣如。,騎著馬在原地打轉乾著急，痛哭流涕至於泣血不止。
1122212,4,蒙,初六，發蒙，利用刑人。用說桎梏，以往吝。,啟發蒙昧無知的人，使其明白事理。宜於實施刑罰於人，以刑罰為教育之手段。如果反過來赦免他們，讓他們脫掉腳鐐和手銬，以此縱容下去會造成悔恨。
2122212,4,蒙,九二，包蒙吉，納婦吉，子克家。,包容童蒙，吉。娶媳婦吉，兒子能夠承擔家庭責任。具有包容及中庸之美德。卜婚姻大吉，適於娶媳婦；有能幹的兒子能夠幫助持家。
3122212,4,蒙,六三，勿用取女，見金夫，不有躬，无攸利。,不宜娶妻。因女子見到有錢男人就失身，這女的沒什麼好的。
4122212,4,蒙,六四，困蒙，吝。,受困於蒙昧，有悔吝。
5122212,4,蒙,六五，童蒙，吉。,天真之童蒙，吉。由於能保有赤子之心，純真而自然，雖蒙昧，但吉人自有天相，傻人有傻福。
6122212,4,蒙,上九，擊蒙。不利為寇，利禦寇。,打擊童蒙，但不宜當盜賊做不義事，宜於抵禦盜賊。
1212111,5,需,初九，需于郊，利用恒，无咎。,滯留於郊外，宜有恒心，沒有罪咎。雖然眼前有危險，但懂得避開鋒頭不強行冒險。因為不冒險犯難、勉強前進，與危險保持安全距離，所以終能免於罪咎。
2212111,5,需,九二，需于沙，小有言，終吉。,滯留於沙地上，遭到輕微的言語中傷，最後為吉。「言」在《周易》中多屬負面的意思，指言語上的中傷。
3212111,5,需,九三，需于泥，致寇至。,滯留於水邊的泥濘，引來了盜賊。
4212111,5,需,六四，需于血，出自穴。,滯留於溝瀆之中，等敵寇離開之後，離開所躲藏的洞穴。另一解釋為浴血奮戰，從洞穴中逃出。血喻受傷、處於險境。
5212111,5,需,九五，需于酒食，貞吉。,滯留於酒食，享受酒食，貞定為吉。
6212111,5,需,上六，入于穴，有不速之客三人來，敬之終吉。,因逃難而躲入洞穴之中，有不請自來的客人三人來，禮敬他們，最後則吉。
1111212,6,訟,初六，不永所事，小有言，終吉。,不讓事情長久持續，雖然有些輕微的言語中傷，最終為吉。
2111212,6,訟,九二，不克訟，歸而逋其邑，人三百戶，无眚。,訴訟輸了，因此逃回家鄉，躲在自己的村莊裡，村莊人口雖然只有三百戶之多，但足以提供保護而免於禍害。
3111212,6,訟,六三，食舊德，貞厲，終吉。或從王事，无成。,靠舊有的祿位供養度日，堅定而艱困，最終為吉。或者能夠為大王做事，但無法有所成就。
4111212,6,訟,九四，不克訟，復即命渝，安貞吉。,訴訟失敗，回去即改變命令，安定守正則吉。知道訴訟失利，無法獲勝，因此知錯必改，立即更改命令，回復到未爭訟前的狀態。安於貞定，停止爭辯，因此而吉。
5111212,6,訟,九五，訟，元吉。,訴訟大吉。
6111212,6,訟,上九，或錫之鞶帶，終朝三褫之。,可能被賜與官帶，但一個早上之內就被連降三級。
1222212,7,師,初六，師出以律，否臧凶。,軍隊出征，要有紀律，若紀律不彰則大凶。
2222212,7,師,九二，在師中，吉，无咎，王三錫命。,在軍隊之中，吉，沒有罪咎。大王三次下了命令。
3222212,7,師,六三，師或輿尸，凶。,軍隊可能滿載屍體而歸，凶。
4222212,7,師,六四，師左次，无咎。,軍隊暫時退守，沒有罪咎。因應情勢而暫時退避，以保存實力，這是兵家之常事，即使無法得勝，但至少可以免於失敗的罪咎。
5222212,7,師,六五，田有禽，利執言，无咎。長子帥師，弟子輿尸，貞凶。,田中有獵物，宜於主張將它擒獲，沒有罪咎。資深的長子可帥領軍隊，但若是年輕小子就是載屍而歸。貞定不動則凶。田中有獵物比喻敵人來犯，以禽獸比喻敵人，敵人侵犯我領土，有如禽獸跑到我田中糟蹋作物。因此我出師有名，可以聲討將他擒拿。既然是敵人來犯，就應當抵禦，而不當貞定不動，沒有作為，若是貞定則凶。
6222212,7,師,上六，大君有命，開國承家，小人勿用。,天子承受天命，國家建立，分封諸侯。但小人不宜用。戰爭結束，開始論功行賞，開國寧邦，分封諸侯。然而對於小人只可以施與錢財的獎賞，絕不可授與官爵，否則將危害國家安定。
1212222,8,比,初六，有孚比之，无咎；有孚盈缶，終來有它吉。,以誠信前去親比，沒有罪咎。誠意有如盛滿瓶的水，最後自然會有意外的吉利之事。
2212222,8,比,六二，比之自內，貞吉。,以自己內在的涵養去親比，守正為吉。
3212222,8,比,六三，比之匪人。,比不對人，親近到的是沒有實權的人。與小人為伍，結交的盡是損友。
4212222,8,比,六四，外比之，貞吉。,向外親比，貞定則吉。
5212222,8,比,九五，顯比，王用三驅，失前禽。邑人不誡，吉。,王者之親比，極其顯耀。以三驅的畋獵之禮彰顯比道，跑在前面對著君王而來的飛禽走獸全都放走而不射殺。邑中百姓可以安心而不需防備，吉。
6212222,8,比,上六，比之无首，凶。,親比而沒有一個頭，凶。
1112111,9,小畜,初九，復自道，何其咎，吉。,走大道回家。回歸正途，走自己的路，有什麼罪咎可言？吉。復，回家，回復，回歸，返回，引申為迷途知返，改過遷善。復自道，走大道回家。自為由、從，復自道為從大道回家。另一解釋，自為自己，自道為自己的道路，復自道為回到自己走的道路，迷途而返的意思。此比喻君子回歸到自己的原則。
2112111,9,小畜,九二，牽復，吉。,牽引而回家，吉。比喻君子能夠攜手相助，不為小人所制，因此為吉。
3112111,9,小畜,九三，輿說輻，夫妻反目。,固定車輪軸的革繩脫落了，夫妻兩人反目成仇。
4112111,9,小畜,六四，有孚，血去惕出，无咎。,有誠信，血流去，恐懼除，無罪咎。小有血光之災，雖會流點血，歷經恐懼，但能夠免於罪咎。四為近君之位，又為互體兌之上爻，因此有憂慮驚險之象，但只要秉持誠信，恐懼自能消除，不會有事。
5112111,9,小畜,九五，有孚攣如，富以其鄰。,有誠信又能提攜他人，有財富而能與鄰居分享。
6112111,9,小畜,上九，既雨既處，尚得載，婦貞厲。月幾望，君子征凶。,雨已經下了，也已經停了，希望車子得以運載準備出行，婦女堅貞而艱苦。已近月圓之時，君子出征不利，凶。上九小畜已終，卦辭開始言密雲不雨，終則變為大雨，雖然雨過，但未必天晴。由於心中仍然懷疑，所以不利於出征，凶。
1111211,10,履,初九，素履，往，无咎。,樸素的鞋子，以此而往，沒有罪咎。素履言穿著樸素的鞋子出門，引喻為樸素的禮儀，沒有官位與名份的人並不需依照官場禮儀，只要依照自己的禮儀，獨善其身即可。
2111211,10,履,九二，履道坦坦，幽人貞吉。,所走的道路平坦而廣闊，隱士貞定則吉。履道坦坦比喻一個人行為坦蕩蕩，光明磊落。
3111211,10,履,六三，眇能視，跛能履。履虎尾，咥人凶。武人為于大君。,一眼盲也能看見，但所見不清楚。跛腳也能走路，但既不靈活也無法行遠。因此而踩老虎尾巴，老虎咬人，凶。這就有如一個武人而想要當君王一樣的危險。「眇能視，跛能履」比喻人不自量力，做自己所不擅長的事，諷刺後面的「武人」想要篡位當君王。「履虎尾，咥人凶」說明此不自量力、不謹慎行事的結果。武夫只懂得帶兵打仗，不懂治國方略，卻不安份而想要當國君，失敗乃註定的結果。就如眼睛看不清、腳跛不便於行，仍要去做那種需要眼明手快的危險事，踩到老虎尾巴而讓老虎所咬，乃是必然之事。
4111211,10,履,九四，履虎尾，愬愬，終吉。,踩老虎尾巴，戒慎恐懼，步步為營，終能化險為夷，吉。
5111211,10,履,九五，夬履，貞厲。,破損的鞋子，堅定則危險。夬通缺，缺為破的意思。夬履，破損之鞋子，鞋子破損則不當強行，引喻難以履行，難以履行之事當然就不宜堅持。
6111211,10,履,上九，視履，考祥其旋，元吉。,履道進入尾聲，回顧自己所做所為，仔細檢驗檢討優缺點，大吉。此為履道中能夠自省者，履卦吉道在謙虛自養，因此為吉。
1222111,11,泰,初九，拔茅茹，以其彙，征吉。,拔茅草的根，一拔就一整串的牽連而出。出征大吉。此比喻人當慎於始，一但一開始做對了，接下來將成連鎖效應，同類相牽引而出。又可比喻君子呼朋引伴，一但有人開頭，眾人便牽連而出。以此而出征，大吉。
2222111,11,泰,九二，包荒，用馮河，不遐遺，朋亡，得尚于中行。,取空心的匏瓜來渡河，還沒到達時匏瓜就遺失，朋友因而死亡。因為中庸的行為而得到獎賞。
3222111,11,泰,九三，无平不陂，无往不復。艱貞，无咎。勿恤其孚，于食有福。,沒有不傾斜的平地，離去的一定會再回來，艱苦守正則可免於罪咎。不用擔憂這是否可信，一定可以享有其福報。
4222111,11,泰,六四，翩翩，不富以其鄰，不戒以孚。,翩翩，鳥群飛而下，飛舞的樣子。此形容六四急欲呼朋引伴去與下卦君子相應。不富以其鄰，不以財富來驅使鄰居。鄰居指六五和上六等陰爻，共同與下面三陽相應，有棄暗投明之意。相較於「富以其鄰」是以財富驅使，為的是利，「不富以其鄰」則是以志趣、理念來驅使。
5222111,11,泰,六五，帝乙歸妹，以祉元吉。,帝乙嫁女兒，因此而有福祉，大吉。此為商王帝乙（商紂帝辛的父親）嫁女兒的故事，時殷商勢力已衰，面對周逐漸興起的威脅，為了安撫、討好周，因此帝乙將女兒嫁給了西伯，也就是後來的周文王。此為殷商的和親策略，因此保有和周暫時的和平關係及商天下的安定，因此說「以祉元吉」。
6222111,11,泰,上六，城復于隍，勿用師。自邑告命，貞吝。,城牆倒塌成為一片廢墟，已不需動用軍隊攻打。城內開始自行發布命令，然而命令已經大亂，若還以此堅定自守則會悔恨。泰道已至尾聲，泰極變否，國家開始動亂，不需出動軍隊即會滅亡。
1111222,12,否,初六，拔茅茹，以其彙。貞吉，亨。,拔茅草的根，一拔就一整串根根相連、牽連而出。貞定則吉而亨通。
2111222,12,否,六二，包承，小人吉，大人否亨。,包容而承順，小人吉，大人則閉塞不亨通。
3111222,12,否,六三，包羞。,所包容的是羞恥之事。羞，羞恥。帛書作「憂」，包憂，為包藏憂心。
4111222,12,否,九四，有命无咎，疇離祉。,有命令則不會有罪咎，同類可沾附其福祉。小人之道已消退，君子開始救濟閉塞的時運。然而九四處於多懼又沒有權力的位置，雖然有能力改變局面，但無法主動行事，必需等待來自上面的命令才能行動並免於罪咎。而同伴也將因為九四之志行而共同享受福祉。命令指的是來自九五之君的命令，得到命令而行事則无咎；反之，若無來自君上的命令就行事則有咎。
5111222,12,否,九五，休否，大人吉。其亡其亡，繫于苞桑。,否道休止，大人吉。但是心中當有國家將亡的警惕，就好比是綁在茂盛但是並不可靠的桑樹上。否道已經即將結束，小人之道停止滋長，具有陽剛中正之德的君子得以為亂世之中流砥柱。然而否道畢竟還沒結束，眼前太平只是暫時，基礎並不穩固，應當隨時警惕，不可掉以輕心。
6111222,12,否,上九，傾否，先否後喜。,傾覆的否道，先是閉塞，最後有喜。否道已經要結束，正是黎明前的黑暗，否極要泰來的時候。先是閉塞不通，但馬上會否極泰來，喜事來臨。
1111121,13,同仁,初九，同人于門，无咎。,與人會面於門外，沒有罪咎。同人于門字面意思為與人會面於門外，此當指周王與諸侯會見於旌門之事。
2111121,13,同仁,六二，同人于宗，吝。,夏宗之禮上行會同之禮，有悔恨。傳統解釋為與自己同宗族的人和同，這是吝嗇之道。
3111121,13,同仁,九三，伏戎于莽，升其高陵，三歲不興。,埋伏於草木叢裡，登到高地上。三年都無法興兵動武。此段言敵人強大，因此伏兵於草叢間觀其虛實，等待時機。後又爬到高地上，希望對全局有更好的掌控，仍然一無所獲。最後三年時間都無法興兵攻敵。
4111121,13,同仁,九四，乘其墉，弗克攻。吉。,築高城牆，讓敵人攻打不下。吉。乘，增、倍，加高。墉，牆，城牆。乘其墉，加高城牆，加強防護之義。加強防護而讓敵人攻打不下，因此為吉。
5111121,13,同仁,九五，同人，先號咷而後笑，大師克，相遇。,與人會同，先是驚恐而痛哭，後來因有轉機而大笑。大軍將敵人打敗，終於雙方相遇。會同的原因原本就是為了要征伐不順服的諸侯，因此會同之先「先號咷」，因遇諸侯反叛。而後笑者，會同是拉攏所親密的諸侯，諸侯出兵相助，則有更多武力以征討不順服的諸侯。
6111121,13,同仁,上九，同人于郊，无悔。,在郊外與人會盟，無所後悔。郊與野原本有離城遠近之別，但都意指城外。傳統解釋以「郊」喻人之置身事外。同人卦中，其他四陽爭一陰（六二），唯獨上九是完全置身事外者。上九雖想置身事外，又得與人和同，所以像是群體中與人格格不入者，因此《象》曰：「同人于郊，志未得也。」言獨善其身之志向未能實現。
1121111,14,大有,初九，无交害，匪咎，艱則无咎。,因沒有相交而受害，並不是應有的罪咎。艱苦則沒有罪咎。大有的初始階段，與富有之主（六五）沒有交集，因而受到兵戈相害。這不是因為自己有什麼罪咎。。
2121111,14,大有,九二，大車以載，有攸往，无咎。,大車用以承載，可以遠行，沒有罪咎。九二性情剛健而處事中庸，又與六五之君相應，所以足以受君王之所託而承擔重任，以走長遠的路途。
3121111,14,大有,九三，公用亨于天子，小人弗克。,王公和天子聚餐，小人則不堪此任。若是君子、大人，可以直達天子，並輔佐天子以治天下。但反之，若是小人，居於此位反而無法擔當，直接受害。古時以身份地位分君子小人，以現今意義來看，若是主管、官員，得此爻，官運亨通，足勝大任；若為基層員工，或是一般人，則無以擔負重任。
4121111,14,大有,九四，匪其彭，无咎。,不炫耀，保持低調，無咎。處於富有之世，但太接近權力核心，不只憂慮特別多，還要處處避免嫌疑。最好能懂得低調以明哲保身，認清自己的地位，則能免於罪咎。
5121111,14,大有,六五，厥孚交如，威如，吉。,誠信而能與人相交，有威嚴，吉。六五處於最尊貴的位置，柔順而中庸，而且有陽剛的一群賢能之士來輔佐。既有誠信與群臣交心，又有威嚴，受人敬重，吉。
6121111,14,大有,上九，自天祐之，吉无不利。,來自上天的保佑，吉，無往而不利。六五已是尊位，上九處大有卦的極盛，又為六五之君所供養（六五承上九，柔承剛為順為吉），因此像是太上皇，比六五而更富有天下，因此大吉，無往而不利。
1222122,15,謙,初六，謙謙君子，用涉大川，吉。,謙卑又謙卑的君子，可以涉水過大河，吉。此爻謙卑者吉，反之，高傲者凶。如涉水過河，知道危險、人力渺小，則能安然渡過。而高傲者，以暴虎馮河的蠻勇，自以為人力勝天，就會遭至滅頂之災。
2222122,15,謙,六二，鳴謙，貞吉。,唱和式的謙虛，貞定則吉。性情柔和，而能與有能力的陽剛之人互相唱和，心悅誠服追隨賢能之士，貞正則吉。
3222122,15,謙,九三，勞謙，君子有終，吉。,辛勞的謙虛，君子可以有始有終，吉。辛勤勞苦，苦行式的謙卑感化群眾，讓大家心服口服地追隨。如此吃苦耐勞、謙虛而不居功，又能持之以恒，有始有終，吉。
4222122,15,謙,六四，无不利，撝謙。,無所不利，因為能夠發揮謙虛之美德。撝，音揮。原為裂開的意思，引申為決裂，或揮別、離去。撝也可解釋作揮，發揮、施為、作為的意思。第二種解釋較為普遍，於文義也較通順，撝謙意指六四能夠發揮、發揚謙卑之美德，因此無不利。
5222122,15,謙,六五，不富以其鄰，利用侵伐，无不利。,不必以金錢就可請鄰居幫忙，宜於出征侵伐，無所不利。六五為君位，說的是君王能以謙虛懷柔而收服身邊近處的人心，但對於遠方不服者則以武力討伐。
6222122,15,謙,上六，鳴謙，利用行師，征邑國。,聲討及兼併，宜於發動軍隊，征伐城邑。傳統解釋以「鳴謙」為空口說的謙虛，不具實質，因而無法感人服人。只能動用軍隊，鎮壓城內。上六是謙卦的極高之處，謙卦貴在於卑微，上六在最高處，為最高調的謙卑，因此是虛假、徒具虛名，拿來說嘴與自豪的謙卑。因此連近處的人都無法信服，只好以武力來鎮壓。
1221222,16,豫,初六，鳴豫，凶。,大聲玩樂，凶。過於淫逸，而至鳴叫。豫之吉在於節制、防患未然，忌在淫逸放縱。初六處於豫樂的開始，一開始就不知自我節制。
2221222,16,豫,六二，介于石，不終日，貞吉。,敲擊演奏石磬，不到一日，貞定為吉。此言豫樂有所節制，豫道以節制為吉。不終日言有所節制，不至終日即停止。六二居互體艮之下，知所止之象。
3221222,16,豫,六三，盱豫，悔遲有悔。,一早就豫樂，如果悔改晚了那就真的要悔恨了。傳統解釋「盱豫」為奉承謟媚的逸樂，悔改為宜。言小人因為接近權勢而奉承謟媚以求豫樂，若陷溺其中而遲遲不知回頭，將會後悔。
4221222,16,豫,九四，由豫，大有得，勿疑，朋盍簪。,心中猶豫不定。大有獲得，不用懷疑，朋友皆會以你為宗主，群聚而來。
5221222,16,豫,六五，貞疾，恒不死。,卜問疾病，久久不會死。「貞」為「卜問」的意思。也可解釋為貞固（偏執）以致成疾，但久而不死。
6221222,16,豫,上六，冥豫，成有渝，无咎。,豫樂至夜，該是結束的時候，改變則沒有罪咎。豫樂之道已走到盡頭，豫卦忌在耽溺。該是結束豫樂的時候，若再繼續則是沉迷而不知返，將有罪咎。因此告戒「成有渝」，渝者變也，豫道已成就要變。由動而歸靜，則可免於罪咎。
1211221,17,隨,初九，官有渝，貞吉，出門交有功。,官員將有變動，貞定則吉。出門與人相交，會有功。此言官員將有變動，當以不變應萬變，貞定則吉，不變者就是守住自己的本份。反之，若到處鑽營，試圖奉承可能的新長官，那麼可能弄巧成拙。出門交有功，出門與人結交，寓指不在體制內去運作，走出框架，到外廣結善緣，則可以有收獲。
2211221,17,隨,六二，係小子，失丈夫。,綁住了小孩，卻跑走了大人。事情無法兩面兼顧，顧此失彼，所得者小，所失者大。
3211221,17,隨,六三，係丈夫，失小子，隨有求得，利居貞。,綁住了大人，跑走了小孩。追逐求取而有所獲得，利於處正。追到正確的方向而有所獲得，利於守正不變動。比喻雖然兩面無法兼得，但選擇正確的一邊，收獲豐盛，而抓到了丈夫（大人）。既然選對邊了，只要守住不變就可以了。
4211221,17,隨,九四，隨有獲，貞凶。有孚在道以明，何咎？,隨從有所收穫，堅定為凶。有誠信，走的是大道，若能明哲不居功，有何罪咎？君子有人追隨、獲得人心，若堅定而行將因此遭凶。
5211221,17,隨,九五，孚于嘉，吉。,信於美善則吉。另也可解釋為有俘虜於嘉禮，吉。
6211221,17,隨,上六，拘係之，乃從維之，王用亨于西山。,將他抓來囚禁，然後再將他釋放。大王在西山舉行享祀。此爻典故講的是西伯（周文王）被紂王拘禁再被釋放的故事。西伯被囚於羑里，在被釋放之後舉行饗宴以感謝各方幫助，或舉行祭祀以謝神明。
1122112,18,蠱,初六，幹父之蠱，有子，考无咎。厲終吉。,父親手上家道中落，幸賴有能幹的兒子能夠繼承父親的責任，讓做父親的死也瞑目。雖然艱苦而有危險，但最終為吉。
2122112,18,蠱,九二，幹母之蠱，不可貞。,承擔母親的事，不可以貞定於此。為人子者不適於承擔婦人的事，所以這種事不宜堅持。
3122112,18,蠱,九三，幹父之蠱，小有悔，无大咎。,承擔父親的事，有小小的後悔，但並無大的罪咎。
4122112,18,蠱,六四，裕父之蠱，往見吝。,增加了父親的腐敗，以此前往則悔恨。此言六四無能，讓事態更加嚴重。
5122112,18,蠱,六五，幹父之蠱，用譽。,承擔父親的責任，能夠繼承父親的道德，因而建立起好的聲譽。
6122112,18,蠱,上九，不事王侯，高尚其事。,不用為王侯做事，只以「高尚」為事業。居蠱卦的最頂端，已經置身事外，天下本無事，所以不用再為王公貴族做事，可以開始做自己。
1222211,19,臨,初九，咸臨，貞吉。,感化式的治理，剛正而且地位正當。貞正則吉。
2222211,19,臨,九二，咸臨，吉，无不利。,嚴格的治理，吉無不利。
3222211,19,臨,六三，甘臨，无攸利。既憂之，无咎。,輕鬆的監臨，沒什麼利益。既然知道要憂慮，就能免於罪咎。
4222211,19,臨,六四，至臨，无咎。,親臨現場的治理，沒有罪咎。
5222211,19,臨,六五，知臨，大君之宜，吉。,睿智的治理，君王德政，吉。此言君王行事合宜而有睿智。
6222211,19,臨,上六，敦臨，吉，无咎。,敦厚的治理，吉，沒有罪咎。
1112222,20,觀,初六，童觀，小人无咎，君子吝。,童僕或兒童的觀點，小人沒有罪咎，君子就很可鄙。言初六之觀禮有如僕童或兒童，所觀膚淺、淺薄，從頭到尾不知道祭典在做什麼。小人如此無可厚非，故曰無咎。君子如此則不識大體，很可鄙而有吝，吝者言其小疵而趨近於凶。
2112222,20,觀,六二，闚觀，利女貞。,從門縫看祭典，只適於女子的貞靜。從門縫窺探祭典，所看非常偏狹而不完整。對女性而言，這樣的行為與胸襟無傷大雅，因此說有利於守貞守靜的女性。但此亦告戒君子，行為與心胸不當有如三姑六婆以窺探他人私事為業，應當志在四方，放眼外面的大世界，注重大的問題與事情。
3112222,20,觀,六三，觀我生，進退。,開始觀看自己的行為，面臨進退的決定。對於祭典既無法像小老百姓一樣漠不關心，又無法像國賓一樣直接參與，居於進與不進，退與不退的決定之間。
4112222,20,觀,六四，觀國之光，利用賓于王。,觀看國家之光，宜於受邀成大王的貴賓。直接參與盛會的觀眾，也是祭典的上賓，可以目睹一切的慶典盛事。利於去拜訪別人的國家，將受到貴賓的招待。
5112222,20,觀,九五，觀我生，君子无咎。,自我觀察，自我反省，君子沒有罪咎。
6112222,20,觀,上九，觀其生，君子无咎。,觀看他人的行為，君子沒有罪咎。
1121221,21,噬嗑,初九，履校滅趾，无咎。,受刑而斷了腳趾，沒有罪咎。腳被戴上刑具而斷了腳趾，一開始就遭受小懲，不會繼續犯下殺身的大錯，所以沒有罪咎。
2121221,21,噬嗑,六二，噬膚滅鼻，无咎。,吃肉犯法而遭受割鼻的刑罰，沒有罪咎。噬膚滅鼻也可指吃到好吃的肉以致於鼻子埋在器皿中，用以比喻所斷之案件簡單容易。
3121221,21,噬嗑,六三，噬腊肉，遇毒，小吝，无咎。,吃到乾硬的腊肉，有陳年臭味的肥脂，小小悔恨，沒有罪咎。此言醃漬的腊肉已經過期而有毒，卻以為是好東西而吃了下去。不過只是小小的過錯，不致於有太大的罪咎。此或比喻遇到陳久而棘手的老案件，很難處理。
4121221,21,噬嗑,九四，噬乾胏，得金矢，利艱貞，吉。,吃到乾硬而帶骨的肉，得到金屬箭頭的幫助，若能夠辛苦而守正則吉。比喻事情艱難、錯綜複雜而不好應付，但若能努力辛苦好好處理則吉。
5121221,21,噬嗑,六五，噬乾肉，得黃金。貞厲，无咎。,吃到乾肉，得到黃金，堅貞而艱苦則可得無咎。比喻事情有點困難又不會太困難，但也因為不難不易而更容易因此讓人心生怠慢而有所疏忽。
6121221,21,噬嗑,上九，何校滅耳，凶。,罪刑重大而導致枷鎖套到頭上，耳朵被割，凶。
1122121,22,賁,初九，賁其趾，舍車而徒。,此言君子有所不為，縱使有車可乘，也因為義理上不應坐車，而情願步行。初為趾，也代表行為、行動的開始。文飾在腳，引申為一開始就有所不為，隱喻君子慎於始。原本有車可乘是個榮寵，理當接受。但是自覺於道義上不當接受，所以裝飾其行為，選擇步行而不乘車。
2122121,22,賁,六二，賁其須。,打扮其賤妾。須比喻只是配角，只能當做是別人的裝飾。
3122121,22,賁,九三，賁如濡如，永貞吉。,文飾相當盛大而美麗，永保貞定則吉。包裝裝飾得極為漂亮，然而文勝質則史，與其過度追求外表的榮華，不如堅守自己的內在美德，才能永保榮景。
4122121,22,賁,六四，賁如皤如，白馬翰如，匪寇婚媾。,要化妝打扮？還是樸素不打扮？讓人相當困擾。白馬飛奔而至，來者不是盜賊，而是來求婚者。此言婚合過程中內心的困惑與疑慮。
5122121,22,賁,六五，賁于丘園，束帛戔戔，吝，終吉。,裝飾山丘上的家園。做為聘禮的布帛過於簡單，顯得小氣吝嗇，不過最終婚禮還是圓滿而吉。這段有兩種解釋。一是認為談的是婚聘之事，繼六四「匪寇婚媾」而來。過程當中對於聘禮雙方有些認知的誤會因而產生不快，但最終還是解決，圓滿結束。另一種解釋認為這是君子到山中懇請隱士出仕。
6122121,22,賁,上九，白賁，无咎。,以最為樸素的白色當做裝飾，沒有罪咎。以樸素為裝飾，反樸歸真之義。
1122222,23,剝,初六，剝牀以足，蔑貞，凶。,牀腳開始剝爛，失去貞定，凶。初為足為趾，又初六動，下體成震，震為足。初和足也都象徵事情的開始，此為剝落的開始。牀腳開始剝爛，可以安睡休息的地方受到威脅，這時候應當注意接下來將面臨的災難。
2122222,23,剝,六二，剝牀以辨，蔑貞，凶。,牀剝壞到床板，失去貞定，凶。辨為牀板。足是支撐床的地方，辨則是與人體直接接觸，讓人所安睡修息的平台，因此剝床以辨比喻災害近身。
3122222,23,剝,六三，剝之无咎。,剝爛，沒有罪咎。六三動，下體成艮，則剝勢有暫止之象，因此曰無咎。
4122222,23,剝,六四，剝牀以膚，凶。,牀已經剝爛到肌膚，凶。比喻大難已經臨頭，災禍直接降臨在身上，當然為凶。
5122222,23,剝,六五，貫魚，以宮人寵，无不利。,後宮嬪妃有如魚貫般很有秩序的排列，受到寵愛，無往不利。
6122222,23,剝,上九，碩果不食，君子得輿。小人剝廬。,豐碩的果實不能吃，君子因此而得車而行，小人卻房舍毀壞，最後無法使用。豐碩的果實最後無法讓人所享用，腐爛而落地，比喻無法享受豐收之成果。若是君子，反而可藉此獲得民心，故曰「得輿」。對小人而言，因只顧自己一時生計，終究不會利用，所以有房子剝爛，傾家蕩產的危機。
1222221,24,復,初九，不遠復，无祇悔，元吉。,不遠就回來，不用後悔，大吉。
2222221,24,復,六二，休復，吉。,一路順風，漂亮的回到家！吉。不二過，見賢而思齊，一有過錯馬上就改過，吉。
3222221,24,復,六三，頻復，厲，无咎。,憂心而回家，艱苦，但無罪咎。因為擔心有危險而回家，沒有罪咎。因為有憂慮而改過遷善，所以雖然有危險，但是終究還是不會有罪咎。
4222221,24,復,六四，中行獨復。,自己走中間大道回家。此比喻君子特立獨行，不茍同於世俗而能守住正道。
5222221,24,復,六五，敦復，无悔。,敦厚老實地回家，無悔。敦復之所以無悔，是因為內心會自己反省改過。坤為厚載，敦厚之象。如臨卦上卦為坤，上六亦曰敦臨。或可解釋為敦厚之人回家，敦厚之人心思少，一但出門，時間到了自然而然一定會回家，言老實淳樸之人，心思單純而無心機，或有犯錯，也很自然的會改過。另一解釋以敦為督促，敦促的敦，自我提醒的意思，敦復意思為自我提醒、自我監督而回家。比喻能夠自我督促、考察以避免犯錯。
6222221,24,復,上六，迷復，凶，有災眚，用行師，終有大敗，以其國君，凶，至于十年不克征。,迷路而回不到家，凶，有災禍。出師打仗最後大敗，殃及國君，凶，十年都無法再出征。此喻人迷途而不知返，一路錯到底。因上六離初九最遠，與內亦無應，迷而不返之象。
1111221,25,無妄,初九，无妄往，吉。,發生意料之外的事而前往，吉。傳統解釋為行為不虛妄，行動一開始就不敢有所妄動，以這種謹慎小心的態度前往則吉。
2111221,25,無妄,六二，不耕穫，不菑畬，則利有攸往。,不耕田就想收穫，不開墾荒地就想要有熟田可耕重。此告戒人不當有不勞而穫的期望，如此則凶。
3111221,25,無妄,六三，无妄之災。或繫之牛，行人之得，邑人災也。,預料之外的災難。有人綁了牛，路過的人順手牽走了，但村人就因此遭災了。此言有人將牛綁著，可能是綁在樹旁，被剛好路過的人順手牽走，於是引來了村民的一場災難。至於什麼災難？有人認為就是主人遺失了牛。有人認為，因為主人發現牛不見之後告官，而讓無辜的村民遭到拘捕。
4111221,25,無妄,九四，可貞，无咎。,可以貞定，沒有罪咎。意謂自己本來就有了，所以貞定為吉，不需外求。
5111221,25,無妄,九五，无妄之疾，勿藥有喜。,死不了的疾病，或意外的疾病，不用吃藥就會痊癒。
6111221,25,無妄,上九，无妄行，有眚，无攸利。,意料之外的行程，有災難，無所利。無妄行為突然而來的意外之行，這是在計畫之外，因此讓人不知所措。
1122111,26,大畜,初九，有厲，利已。,有危險，宜停止。厲，危險。利已有多種解釋：一是利益已經結束。已，結束。二是宜於停止。三已為祀，利祀即宜於祭祀。
2122111,26,大畜,九二，輿說輹。,車輪輻脫落，因此無法前進。用來固定車輪軸的革繩脫落，當然不可行。
3122111,26,大畜,九三，良馬逐，利艱貞，曰閑輿衛，利有攸往。,駕著馬車，優良的駿馬飛奔，宜艱苦貞定。每天熟習駕車防衛的技術，利有所往。此爻言有志氣的人技藝精湛，能力高人一等，但仍然每天自我精進，提升自己的能力，因此利有所往。以自己的才能和見識前往，必定受到重用，且能勝任所擔任的責任。
4122111,26,大畜,六四，童牛之牿，元吉。,小牛的牛牿，大吉。在小牛的牛角還未長出來之前，就先綁好牛牿，避免牛長大後會用角刺人。由於能防患於未然，吉，有喜。此比喻做事情有先見之明，防患於未然則吉。
5122111,26,大畜,六五，豶豕之牙，吉。,閹豬的牙，不會傷人，沒什麼好怕的，吉。閹豬巨大，但空有其表，不足為懼，沒有危險性，故為吉。
6122111,26,大畜,上九，何天之衢，亨。,走到康莊大道，亨通。直接通達天衢。積畜到極點，一飛沖天，能擔當國家的大事，飛黃騰達。
1122221,27,頤,初九，舍爾靈龜，觀我朵頤，凶。,捨棄你的靈龜不用，看我大快朵頤，凶。不知要守靜以畜養自己精神的靈明，反而看著別人大快朵頤而羨慕不已，並進而焦躁不安。若能謹守靜養之道，則福氣自然會來，但若是急著追逐欲望，反而會自取其辱。
2122221,27,頤,六二，顛頤，拂經。于丘頤，征凶。,顛倒向下求養，違背常理。往高處求養，又所求非人，征凶。
3122221,27,頤,六三，拂頤，貞凶，十年勿用，无攸利。,違背頤養之道，貞定為凶。十年都不得用，無所利。錯誤的頤養之道當然不宜堅守，因此說「貞凶」。
4122221,27,頤,六四，顛頤，吉，虎視眈眈，其欲逐逐，无咎。,顛倒向下求養，吉。老虎行走時視線往下看，追逐獵物的欲望自然流露而出，沒有罪咎。有如老虎之求養於外，專注於獵物，雖然眼睛看得很近但是內心想的卻很遠。雖然慾望很清楚地表現在外，但因出於自然，所以顯得樸實而敦厚。
5122221,27,頤,六五，拂經，居貞吉，不可涉大川。,違背頤養之道的常理，守正居靜則吉，不可以涉水行險。
6122221,27,頤,上九，由頤，厲吉，利涉大川。,頤養之道的源頭，艱苦則吉，利於涉大川行險。
1211112,28,大過,初六，藉用白茅，无咎。,以白茅做為敬獻，謹慎其事，沒有罪咎。過於謹慎，但可因此免於罪咎。陰柔而又謹慎，可說是過度謹慎，但因為正處動盪的時候，所以謹慎正可以保得平安。
2211112,28,大過,九二，枯楊生稊，老夫得其女妻，无不利。,枯萎的楊樹生根發出新芽，重現生機，猶如老丈人得到年輕的妻子，無往不利。大過之為凶，在於陽剛過盛而呈棟樑彎曲，房子結構不穩，澤滅木。大過之為亨在於陽剛者得陰之相濟，則陰陽調和。
3211112,28,大過,九三，棟橈，凶。,棟樑彎曲不正，凶。
4211112,28,大過,九四，棟隆，吉，有它吝。,棟樑穩固，吉，但會有意外而悔恨。
5211112,28,大過,九五，枯楊生華，老婦得其士夫，无咎无譽。,枯萎的楊樹開花，老婦人嫁給年輕力壯的丈夫，雖沒罪咎，但也沒什麼好名聲。老樹發芽是生機重現，但若是開花則是死亡前的迴光反照，所以枯楊開花是很不吉利的事，不可被美麗的花所欺騙。而老婦再嫁給少男，不被風俗民情所容，所以應防名譽掃地。
6211112,28,大過,上六，過涉滅頂，凶，无咎。,明知水深危險而仍強力涉水，以至慘遭滅頂，凶。此為壯烈成仁，舍身取義之義。得此卦雖凶險萬分，有滅頂死亡的危險，但因不論個人利害，義之所當為而為，是很令人敬佩的烈士，所以說沒有罪咎。
1212212,29,坎,初六，習坎，入于坎窞，凶。,雙重的坎險，落入更深的坎陷裡，凶。
2212212,29,坎,九二，坎有險，求小得。,坎洞中有手枕，雖沒有枕頭，但也算是小小的獲得。「坎有險」傳統解釋為坎洞中有危險。九二居於下坎的中間，因此仍居於危險之中，此為坎有險。但因本性剛強又居中，具有陽剛而中正的美德，是能夠自力救濟者，因此說求小得。雖能有小得，但仍居於危險的境地，也只是險中求通，並非化險為夷，也未脫離危險。雖能夠險中求通，小事求之可有獲得，但大事不行。
3212212,29,坎,六三，來之坎坎，險且枕，入于坎窞，勿用。,進退都是牢坎，有手枕暫且充當枕頭。進入了地牢坎洞裡，凡事皆不可行。六三失位乘剛，處於兩個坎險交界之處，又是多凶的爻位，進退都是坎險，因此凡事都不可行。檢且枕，以檢（手枕）為枕頭，要人安之若命之義。
4212212,29,坎,六四，樽酒，簋貳，用缶，納約自牖，終无咎。,一樽酒，二盤食物，以及裝水的瓦罐，將如此簡約的飲食從窗戶送進，最後無罪咎。六四已脫離內部的危險，只要再渡過外部這一關就能夠出險。
5212212,29,坎,九五，坎不盈，祗既平，无咎。,坎陷並未填滿，小土丘已挖平，免於罪咎。坎險雖然還未完全渡過，但是署光已現，沒有永遠的坎險。小土邱已平，比喻平安之日已近，故曰無咎。
6212212,29,坎,上六，係用徽纏，寘于叢棘，三歲不得，凶。,被繩子綑綁起來，囚禁在荊棘所設的圍牆裡面。三年都無法逃脫，凶。
1121121,30,離,初九，履錯然，敬之，无咎。,穿的鞋子像是涂金的，小心或尊敬他，就不會有罪咎。錯為涂金，錯然就是像涂金的樣子。此為能夠從小處細微處看人看事，能明察秋毫，觀察入微。從鞋子就看出一個人的身份、地位，知來者腳下踩的鞋子都如此華麗光鮮，當然要心存敬畏，以避免犯錯惹禍上身。
2121121,30,離,六二，黃離，元吉。,黃色的美麗，大吉。黃為「中色」，象徵中庸的美德。
3121121,30,離,九三，日昃之離，不鼓缶而歌，則大耋之嗟，凶。,日落的美麗，不敲盆唱歌，就只能老來等死空哀嘆，凶。言日薄西山的美麗是無法持久的，因此讓人有種哀愁別離之感。但這是天道循環無法改變的常理，「鼓缶而歌」是勸人對於人生必需豁達，要能夠活在當下，享受最平凡的快樂，隨興而歌。不然以將死的高齡，也只能空自哀嘆，那麼就只有凶咎可言。
4121121,30,離,九四，突如其來如，焚如，死如，棄如。,火災來得非常突然讓人反應不過，前火未滅後火又起，火勢熊熊燃燒，毫無生路，死路一條，一片死灰。
5121121,30,離,六五，出涕沱若，戚嗟若，吉。,眼淚鼻涕一直流，憂慮歎息。吉。離卦的吉道在中庸，六五之君雖有災臨身以致於痛哭流涕，哀戚悲歎，但因有柔順而中庸的美德，知所憂慮警惕，因此反而能夠化險為夷，轉危為安，最後變成吉。此亦警惕人當有憂慮之心，才可為吉。
6121121,30,離,上九，王用出征，有嘉，折首，獲匪其醜，无咎。,大王派遣出征，有戰功，拿下敵人首腦，捕獲的不是同族類的人，沒有罪咎。
1211122,31,咸,初六，咸其拇。,感應到拇指。拇指是易動又很末稍的地方，意謂過於妄動，且難以感動人心，給人的感動非常膚淺而不實。咸若解釋作砍傷，那麼此爻就是砍傷了姆指。初位在六爻中為趾、拇之象。
2211122,31,咸,六二，咸其腓，凶，居吉。,感應到小腿肚，凶。居靜不動為吉。小腿是極好動的部位，象徵過於躁動，因此而遭致凶災，最好是居靜不要妄動則吉。或者可解釋為砍傷了小腿，凶。安靜不動就吉。居為不動，靜、定的意思。
3211122,31,咸,九三，咸其股，執其隨，往吝。,傷到大腿，捕捉到他的隨從，前往將悔恨。傳統解釋為感應到大腿，固執於其跟隨者（腳），以此前往將悔恨。股是大腿，股隨足而動，「隨」即足。此比喻人完全沒有自己的主見與立場，只會跟隨別人。
4211122,31,咸,九四，貞吉，悔亡。憧憧往來，朋從爾思。,貞定則吉，不會有後悔。反之，若內心憂慮而想法搖擺不定，讓朋友們全都跟著你的想法而無所適從，那麼就有悔。言意志要堅定則吉而悔亡。反之，意志不堅，心猿意馬，搖擺不定則會後悔。
5211122,31,咸,九五，咸其脢，无悔。,感應到背脊，無所悔恨。脢音梅，脊背肉。咸其脢，感應到脊背。各爻都有感而動，唯有此爻寂靜而不為所動。九五處尊位，感而仍居靜不動，好的一面來看為公正而冷靜，壞的一面來看則是冷寞而無憂憫感人之懷抱，所以《象傳》說「志末也」。只能免於後悔，無法成大事。
6211122,31,咸,上六，咸其輔頰舌。,感應到嘴巴。此比喻有口無心，只是嘴巴說說，空口說白話，不足以為信。
1221112,32,恆,初六，浚恒，貞凶，无攸利。,要求過深的恒道，堅定則凶，沒有利益。初爻為恒卦一開始的時候，一開始就要求過深，苛刻無理之道，無以長久，若堅定此道為凶，無利益。初在最下最深之處，故為浚。此有如兩人才剛開始在一起，就苛責太過，反而有違和諧。
2221112,32,恆,九二，悔亡。,後悔消失。因為能長久秉持中庸之道，所以能夠不再後悔。悔亡意指原本應當有悔，後來因為行為正確而不再有悔。九二悔亡，是因為能夠堅守中庸之道，也就是「久中」。
3221112,32,恆,九三，不恒其德，或承之羞，貞吝。,不能長久維持美德，可能因此而引來羞辱，堅定則悔恨。
4221112,32,恆,九四，田无禽。,田獵抓不到獵物。長久都不在其位，言做事無恒心，荒廢很久，當然無法有任何收穫。禽泛指飛禽走獸、獵物。
5221112,32,恆,六五，恒其德貞，婦人吉，夫子凶。,能夠長久堅定其美德，從一而終，對女子而言，這是很好的德性，大吉。但對於男子而言，身為義理的制定者，本應剛強果斷，有自己的主見，反而採取柔順之婦道，有優柔寡斷、無法成大事之象，凶。
6221112,32,恆,上六，振恒，凶。,改變原本穩固的常態，凶。原本事情已經穩定，一切有一定的軌道，現在卻輕舉妄動，貿然改變做法，違背過去的慣例，不但不能成事，反而動搖既有的根本，凶。
1111122,33,遯,初六，遯尾厲，勿用有攸往。,逃離在最後，危險，那裡都不要去。
2111122,33,遯,六二，執之用黃牛之革，莫之勝說。,以黃牛的皮革將它綁緊，牢固而無法鬆脫。革卦作「鞏用黃牛之革」，原指用皮革將豬綁緊讓它無法逃脫。後儒解釋認為這是比喻人之意志堅定，有如用黃牛的皮革綁緊一樣的牢靠。
3111122,33,遯,九三，係遯，有疾，厲，畜臣妾吉。,心有牽掛的逃離，有疾病，危險。畜養臣妾吉。無法擺脫名利的束縛，深深眷戀著過往，無法超然物外。雖然是應該隱居逃去的時候，但仍念念不忘富貴名利。諸如畜養臣妾等小事為吉，但對於一些國家大事，或是公務，則是凶。隱喻只能做些偏邪小事，不足以成大器。
4111122,33,遯,九四，好遯，君子吉，小人否。,好的隱退，君子吉，小人閉塞不通。這時介於功名利祿與隱退求去的兩種選擇之間，但也正是隱退的好時機。君子能捨功名利祿而瀟洒離去，故吉。小人則會選擇世俗的名利，無法斷然隱退，故閉塞不通。
5111122,33,遯,九五，嘉遯，貞吉。,美好的隱退，貞定則吉。
6111122,33,遯,上九，肥遯，无不利。,自得而寬裕的逃離，無所不利。達到了隱退的最高境界，已有仙風道骨，天子都無法命令於你，達官貴人也無法和你高攀。心中無所懷疑，而能完全超然物外，對於世俗的榮辱名利，完全能看開。無所不利。
1221111,34,大壯,初九，壯于趾，征凶，有孚。,壯大在腳趾，出征一定是凶。初位為趾，故曰趾。趾有行動之初的意思，也隱喻這是末稍、卑微、無足輕重、妄動。壯于趾比喻這是空有樣子的壯盛，以此出征，必凶無疑。
2221111,34,大壯,九二，貞吉。,貞定為吉。大壯的吉道在於中庸、冷靜。九二有中庸之道，中立而不偏頗，因此而吉。
3221111,34,大壯,九三，小人用壯，君子用罔，貞厲。羝羊觸藩，羸其角。,小人只會用蠻力，君子則知道要用網子，堅定則有危險。就好比公羊若頂撞圍籬，羊角就會因此被困住。小人以氣勢凌人來表現自己的勇猛，而君子則深謀遠慮，知壯大蠻幹之危害，用壯反而為壯所困。如果堅定固執於壯，則會艱苦或危險。就如蠻幹的公羊，仗著自己有堅硬的羊角而頂撞圍籬，只知進不知退，羊角因此被卡住而進退不得。此言君子小人的差別，在於對於用「壯」的洞察，小人有力無腦，君子洞知先機。
4221111,34,大壯,九四，貞吉，悔亡。藩決不羸，壯于大輿之輹。,貞定則吉，不再後悔。撞倒了圍籬之後完全沒有衰弱的跡像，進一步還撞壞了車子輪輻。言氣勢過於旺盛，則只有破壞，讓事情一團亂。但若能夠冷靜，則能夠變吉，不用後悔。
5221111,34,大壯,六五，喪羊于易，无悔。,在有易這個地方損失了羊群，無所後悔。「喪羊於易」傳統解釋為在空地上羊走失了，或解釋為因為過於鬆懈而讓羊走失。比喻已經不再氣盛。
6221111,34,大壯,上六，羝羊觸藩，不能退、不能遂，无攸利，艱則吉。,公羊用羊角頂撞籬笆，羊角卡住，不能進也不能退。沒有任何好處，艱苦則吉。此以公羊比喻衝撞反而讓事情陷入進退兩難的僵局，沒有任何好處。若反過來，能夠冷靜堅定，吃苦耐勞則吉。
1121222,35,晉,初六，晉如摧如，貞吉。罔孚，裕无咎。,進退兩難，貞定則吉。不受信任，保持寬裕則不會有罪咎。
2121222,35,晉,六二，晉如愁如，貞吉，受茲介福，于其王母。,上進卻又讓人感到憂愁，貞定則吉，可得到王母很大的賞賜。
3121222,35,晉,六三，眾允，悔亡。,眾人允諾，不再後悔。六三承四應上，率眾陰承順於九四君子，因此能得眾人之允許、信任。眾人皆認同，因此無悔。
4121222,35,晉,九四，晉如鼫鼠，貞厲。,像鼫鼠一樣的往上爬，堅持則危險。「如鼫鼠」比喻有如小人，貪婪而到處鑽營，因此不可堅定於此。
5121222,35,晉,六五，悔亡，失得勿恤，往，吉无不利。,不再後悔，不要在意得失，放心前往，將吉而無往不利。
6121222,35,晉,上九，晉其角，維用伐邑，厲吉无咎，貞吝。,晉升到頂點，只能用軍隊鎮壓來維持城內秩序。艱苦則吉而無咎，若堅守這種處事方法則將有悔恨。
1222121,36,明夷,初九，明夷于飛，垂其翼，君子于行，三日不食，有攸往，主人有言。,明夷鳥（金烏）飛了過來，翅膀下垂遮天，天地一片黑暗。君子逃難出行，三天沒東西吃，有長遠的路要走，主人以言語相譏。此處的明夷為金烏鳥，明夷于飛講的是巨大的流星從天而降，古代認為這是會飛的太陽。
2222121,36,明夷,六二，明夷，夷于左股，用拯馬壯吉。,光明隕落消失，傷到了左大腿，能有強壯的馬來拯救則吉。在大隕石掉落的這場災難裡，傷到了左大腿而難以逃亡，但因為有強壯的馬而得以逃離。這裡的「吉」，是指在動亂中逃難生存下來，沒有被殺害，所以是大難不死的吉，並不是飛黃騰達、萬事如意的吉。或者可以說是不幸中的大幸，真實處境是大凶，只是能夠化險為夷而已。
3222121,36,明夷,九三，明夷于南狩，得其大首，不可疾貞。,光明隕落於往南巡狩的時候，去除了罪魁禍首，不可為推行正道而操之過急。出征可以有很大的斬獲，遂其所願，但注意凡事不可操之過急。
4222121,36,明夷,六四，入于左腹，獲明夷之心，于出門庭。,以不正的手段接近了昏君，成為他的心腹，然後在門外耀武揚威。此言小人以偏邪的方法接近昏君，助紂為虐，為虎作倀。
5222121,36,明夷,六五，箕子之明夷，利貞。,箕子處亂世而能隱藏其聰明，韜光養晦，利於貞定。此處明夷的明當指聰明，明夷意指箕子能夠隱藏自己的聰明。
6222121,36,明夷,上六，不明晦，初登于天，後入于地。,黑暗至極！明夷鳥先是飛上了天空，接著又墜落地上。
1112121,37,家人,初九，閑有家，悔亡。,整肅家風，建立家道，預防家中成員的散亂。建立家風，免於後悔。
2112121,37,家人,六二，无攸遂，在中饋，貞吉。,沒什麼才能，只會燒飯煮菜，貞定則吉。言女子雖沒有什麼才能，但能夠完全勝任家中的內務，將家中一切打理的很好。
3112121,37,家人,九三，家人嗃嗃，悔厲吉。婦子嘻嘻，終吝。,人很嚴厲，後悔又艱苦之後就是吉。反之，如果家裡婦女小孩嬉鬧，最後會悔恨。一家之主治家嚴格，對家人大聲斥罵，使得家中女人小孩都因此而害怕。治家過於嚴厲不免有傷恩慈，但也由於能夠整治，所以才能漸趨於吉，雖然過程會有些艱苦。反之，若家中婦女小孩嬉鬧不端莊，治家不嚴，那麼就會悔吝。
4112121,37,家人,六四，富家，大吉。,能夠治理家務，事事進入軌道，家道興旺，享有富貴，大吉。
5112121,37,家人,九五，王假有家，勿恤，吉。,大王以寬大治家，不用擔憂，吉。家和萬事興，就連為人之君者，也要從治理家道而做起。由於家道已成，所以心中大可不必憂慮。大王以寬大治家，大家能彼此互相相愛，所以諸事和諧，吉。
6112121,37,家人,上九，有孚威如，終吉。,有誠信，又有威嚴，最後為吉。能夠以身作則，經常反身自省，有誠信與威嚴，家道當興。治理家道如過於注重禮數則有礙親情，但如果過於注重和樂則會失於教養。此爻過於注重威嚴，能治理家道，但應避免有傷親情。不過只要是出自真心真愛，最終為吉。
1121211,38,睽,初九，悔亡，喪馬勿逐，自復。見惡人，无咎。,不再後悔，失去的馬不用去追逐，自己會跑回來。見到惡人，沒有罪咎。正處於睽違孤獨的時候，應有去者不追，來者不拒的心理準備，凡事不可強求。失去的馬，不必去追逐，該回來的時候它自然會回來；有惡人來，也不能拒絕，還是必需與他見面，以避免罪咎。處睽乖的時候，事事動輒得咎，凡事不宜主動，處於被動而順應所發生的事，無可無不可，才能免於後悔與罪咎。
2121211,38,睽,九二，遇主于巷，无咎。,在小巷內與主人相遇，沒有罪咎。正當睽違之時，雖然君臣能互相欣賞，但卻無法在正式的場合相見，只有互相委屈，在無人的巷道裡偷偷會面。得此爻，若是為人主管要求才，則無法以正式的手段求得，必須求之於巷道，臺面下運籌；而如果是要謀事，也當如此。
3121211,38,睽,六三，見輿曳，其牛掣，其人天且劓，无初有終。,見到有人因車子難以前進而在拉車，雖然牛仰頭使力但仍不能前進。這個人額頭上有因犯罪而有的刺青，鼻子被割掉。開始很糟糕，但最後算是有個結果。此言車子前進時困難，以致於牛很使力，主人也下去幫忙推拉，仍然很難行。或許可能超載，或許可能操作不當。車子是遠行及載物的工具，車子困住比喻事情前進有困難，停頓無法前進。
4121211,38,睽,九四，睽孤，遇元夫，交孚，厲无咎。,分離而孤獨，遇到一個大丈夫，彼此交心互信，艱苦則沒有罪咎。雖然處境受到孤立，孤獨無援到極點，但由於遇到與自己同德的朋友，能以誠心相交而共處時艱，終能免於罪咎。
5121211,38,睽,六五，悔亡，厥宗噬膚，往何咎。,不再後悔，君主吃好吃的肉，前往不會有罪咎。
6121211,38,睽,上九，睽孤，見豕負塗，載鬼一車。先張之弧，後說之弧。匪寇婚媾，往遇雨則吉。,分離而孤獨，見到豬全身包著泥巴，載著一車子的鬼怪。先對著他們張弓，然後又將弓鬆脫。來者不是盜賊，是來求婚的，前往，遇到下雨則吉。此比喻見到的怪事太多，讓人心生許多疑慮，一下子見到全身裹滿泥土的豬（比喻見到的事很污穢骯髒），一下子見到載滿鬼怪的車子（比喻詭譎到極點）。因此讓人一下子張弓，一下子又將弓鬆脫。遇雨，象徵事情終於明朗，疑慮盡釋。
1212122,39,蹇,初六，往蹇，來譽。,前進會遇到困難，退後則會得到聲譽。處於蹇難的時刻，若是硬要前進則會更加危險，但如果能後退一步，則反而能得到好的名聲。應採取保守態度，宜退守，不宜進取。
2212122,39,蹇,六二，王臣蹇蹇，匪躬之故。,君王及臣子遇到雙重的蹇難，並不是自己的原因。時運不濟，當大環境大變動的時候，君臣都蒙難，君憂臣辱，無法互相救助。這完全是時運問題，不是自己的問題。
3212122,39,蹇,九三，往蹇來反。,前進有難，還是回來比較好，回來會有喜。往、來分別指前進與退守。往蹇，前進會有難。來反，回來的意思。回來會有喜。
4212122,39,蹇,六四，往蹇來連。,前進有難，退守則可得到盟友。
5212122,39,蹇,九五，大蹇朋來。,最險難的時候，朋友來。得此爻雖遇大難，但除自己本性陽剛得以自救之外，還將有多方朋友來相助，化險為夷。
6212122,39,蹇,上六，往蹇來碩，吉，利見大人。,前行則有難，回來則大有獲得，吉。利於見大人。已在蹇難的絕地，若是要再繼續往前，無人可以救濟，情勢將無法有所轉圜。但往回走則會得到很多幫助，能有很大的收獲。宜於拜見貴人，吉。
1221212,40,解,初六，无咎。,沒有罪咎。處於危難剛解除的時候，無所罪咎。此時宜安靜休養生息，將來才能凡事得宜。
2221212,40,解,九二，田獲三狐，得黃矢，貞吉。,打獵捕獲三隻狐狸，並獲得黃色的箭頭，貞定則吉。此比喻能去除邪惡的小人，並能秉持中庸之道，有獲利之象。田，田獵，打獵。狐，狐狸，為狡猾而多疑的動物，難以捕獲。此比喻奸詐的小人。田獲三狐，喻指處理了麻煩的人物。
3221212,40,解,六三，負且乘，致寇至，貞吝。,小人背負財物，又搭乘君子的車乘，招搖過市，而引來盜賊搶奪。貞定則有悔恨。此告戒人行事當守本份，不當踰越。當知密藏，不要炫耀。凡事當注意，自己的言行不當將會引來災禍。正所謂禍福無門，惟人自召。
4221212,40,解,九四，解而拇，朋至斯孚。,解救你的腳趾，朋友來了才終於可信。解而拇比喻事情跳譜，沒有對症下藥，無濟於事。
5221212,40,解,六五，君子維有解，吉，有孚于小人。,君子遭到拘繫得以獲解放，吉，讓小人信服。君子維有解另可解釋為因君子的維繫而得到解救。
6221212,40,解,上六，公用射隼于高墉之上，獲之，无不利。,王公藉以在高牆上射擊隼鳥，一發就中，無往不利。此比喻的是君子對於事件有所預見與準備，當事情發生時就能夠明快的處理。
1122211,41,損,初九，已事遄往，无咎，酌損之。,祭祀之事要火速前往，沒有罪咎。倒的酒可以減少一些。火速前往言參與祭祀的誠心。酌損之承上爻，祭祀重誠，有誠則精簡、減損無妨。另一解釋為，有事而火速前往，沒有罪咎。斟酌減損，不需減損太多。
2122211,41,損,九二，利貞，征凶。弗損，益之。,利於堅定，出征為凶。不需減損，反應當增益。宜於守住既有，不宜出征或進取。若能安於目前狀似平平的情勢，守住眼前狀況，未必會不利。但如果貿然前往，反而會帶來災難。以靜制動則小吉，出征則凶。
3122211,41,損,六三，三人行，則損一人。一人行，則得其友。,三人同行，則減少一人。若是一人獨自前往，則可得到朋友。此言事情宜獨自行事，不宜成群。引申又有專心一意，不宜一心多用的意思。
4122211,41,損,六四，損其疾，使遄有喜，无咎。,去除其疾病，快速則有喜，沒有罪咎。
5122211,41,損,六五，或益之十朋之龜，弗克違，元吉。,有人拿著價值十朋貝的烏龜來幫助，無法違背，大吉。龜在古時為神聖的決疑寶物，從選龜到如何處理、儲藏，都有嚴格的規矩。因此龜的幫助類似於我們在說「神明」保祐。
6122211,41,損,上九，弗損，益之，无咎，貞吉。利有攸往，得臣无家。,不要減損，應當增益。沒有罪咎，貞定則吉。利有所往，得到無私的大臣。
1112221,42,益,初九，利用為大作，元吉，无咎。,適於有大的作為，大吉則可免於罪咎。
2112221,42,益,六二，或益之十朋之龜，弗克違，永貞吉，王用享于帝，吉。,價值十朋貝的烏龜來幫助，無法違背，永保貞定為吉。大王藉以敬祀天帝，大吉。
3112221,42,益,六三，益之用凶事，无咎。有孚中行，告公用圭。,努力救濟凶阨之事，沒有罪咎。但應秉持誠信，行事中庸，必需慎重其事的秉告並取信於公侯。此事吃力不討好，不但要努力救火，還需小心謹慎避嫌，才能免於罪咎。
4112221,42,益,六四，中行，告公從，利用為依遷國。,秉持中庸之道行事，告訴主公則主公無不順從，甚至連遷國這麼大的事也可達成。君主聽從建議，上下共同協謀，基於對大局利益之考量，而遷國以安撫百姓。適於遷移，凡可遷移者都大吉。下屬則能得到上級的信任而得以做大事。
5112221,42,益,九五，有孚惠心，勿問元吉，有孚惠我德。,有誠信，而且能恩惠及於人心，此事不須問，大吉！我以誠信恩惠於人，人亦以誠信回報所受之恩德。施比受者有福，能利益於人，人亦回報於我。大吉。
6112221,42,益,上九，莫益之，或擊之。立心勿恒，凶。,不能幫助他人，因而受到各方的攻擊。完全沒有持久的恒心，凶。上九處益之上，益卦應該是損上益下的時候，但上九陽剛不當位，居於九五之尊的上面，非但不能利益於他人，還反過來要人利益於己，是無功而居功、邀功者。若偶有行善，也只因一己之利，所以無恒心可言。凶。
1211111,43,夬,初九，壯于前趾，往不勝為咎。,強壯於前腳趾，無法勝任就貿然前往會有罪咎。意氣剛強，貿然前往，然而無奈地位卑微，無決定能力而且無所依靠，所以雖然仗義而往，仍然為小人所傷。
2211111,43,夬,九二，惕號，莫夜有戎，勿恤。,憂慮的大聲警告戒備，小心夜晚會有盜賊來犯，有所防備就不需擔憂。
3211111,43,夬,九三，壯于頄，有凶。君子夬夬，獨行，遇雨若濡，有慍，无咎。,強壯於臉上，凶。君子心中憂慮猶疑不定，獨自行走，遇到了下雨而全身被淋濕，臉上不悅，但沒有罪咎。
4211111,43,夬,九四，臀无膚，其行次且；牽羊悔亡，聞言不信。,屁股受傷而沒有皮膚，讓人坐立難安，連走路都有困難。如果能夠把羊綁好牽好，不讓羊到處頂撞闖禍，就不會有事，當初這麼告誡就是不相信，今天才會弄成這個樣子。
5211111,43,夬,九五，莧陸夬夬，中行无咎。,馬齒莧的根拔了又拔，中庸而行則不會有罪咎。
6211111,43,夬,上六，无號，終有凶。,無所呼號，最後有凶。有位而無權，孤立而無援，最終將被處決，大凶。
1111112,44,姤,初六，繫于金柅，貞吉。有攸往，見凶，羸豕孚蹢躅。,豬被綁在金屬做的阻柅器上，貞定為吉。若是有所往，那麼為凶，就如那被綁起來的豬只能原地浮躁地亂跳。
2111112,44,姤,九二，包有魚，无咎，不利賓。,廚房有魚，沒有罪咎，不利於拿來宴請賓客。
3111112,44,姤,九三，臀无膚，其行次且，厲无大咎。,屁股受傷以致於沒有皮膚，讓人坐立難安，連走路都有困難。艱苦則不會有大的罪咎。
4111112,44,姤,九四，包无魚，起凶。,廚房中沒有魚，出征，凶。
5111112,44,姤,九五，以杞包瓜，含章，有隕自天。,我怎能像是個瓠瓜，只能掛著好看而不能食用。藏著一身才華，卻突然上天降下這憂愁。此言懷才不遇，還聞壞消息而心生憂愁。
6111112,44,姤,上九，姤其角，吝，无咎。,姤卦的頂點，無人可遇，只遇到傷人的尖角，窮途而無法有所遇。悔吝，沒有罪咎。角會抵觸傷人。姤其角，謀事不成反而因此受傷。
1211222,45,萃,初六，有孚不終，乃亂乃萃。若號，一握為笑，勿恤，往无咎。,誠信不能長久，因為動亂而集會眾人。如果能夠出面號召，與人握手言和，一笑置之，不需憂心，如此前往能免於罪咎。前半段講因為不能信守承諾而引來動亂，以此而集會，可能動輒得咎。後半講，如果能把事情說開，放下身段與人溝通，握手言和，那麼就可得无咎。
2211222,45,萃,六二，引吉，无咎。孚乃利用禴。,牽引同伴而往，吉，無咎。虔誠者才能夠以簡單的祭祀來祈福。此以禴祭比喻誠心之重要，有誠心者，則祭祀不在隆重，簡單如禴祭亦可感動神明，得到保祐。心志若夠堅定，誠心足夠，則自能吉而無咎。反之，若無誠心，那麼怎樣隆重的祭祀都沒有用。
3211222,45,萃,六三，萃如嗟如，无攸利，往无咎，小吝,相聚而感歎，無所利。前往，沒有罪咎，小有悔吝。萃如嗟如，相聚而感嘆。因為所聚非人。萃卦應該是利見大人，但六三見不著大人，只能見到小人。
4211222,45,萃,九四，大吉无咎。,上近九五之君，下臨群眾，因此自然能與有權位的人接近相聚，不勞心力。大吉。因為九四居多懼多凶之地又失位，行止有些不妥當，原本當有罪咎，事情大吉之後才能免於罪咎。反之，若事情未能大吉，那麼恐怕就有失位的罪咎。
5211222,45,萃,九五，萃有位，无咎，匪孚。元永貞，悔亡。,聚會中有地位，沒有罪咎，但也沒有誠信，當長保貞定才能免於後悔。雖然位高，但下有佞臣分化權力，無法讓人相信，並讓志向無法光大。當此之際只有長期的堅定守正，才能免於後悔。
6211222,45,萃,上六，齎咨涕洟，无咎。,傷心悲嘆，痛哭流涕，沒有罪咎。處萃卦的最上面，近處沒人能伸援手，遠處又無人呼應。往下哀求與人相聚而不可得，只能獨自哀聲嘆息，涕泗縱橫，但若是能反省而改過，應能免於罪咎。
1222112,46,升,初六，允升大吉。,必定上升，大吉。《象》曰「上合志也」，與上面志氣相同，因此必然可上升。升卦吉道在有人提攜，初六為有人提攜者，因此可順利上升。
2222112,46,升,九二，孚乃利用禴，无咎。,有誠意然後才宜於用儀式較簡單的禴禮來祭天，沒有罪咎。有誠意自能感動上天，雖然牲禮很薄，儀式簡單，但仍然可以與神明相感應，而得到保祐。
3222112,46,升,九三，升虛邑。,進入空虛的城邑，如入無人之境，無人可擋。
4222112,46,升,六四，王用亨于岐山，吉，无咎。,大王在岐山祭天，吉，沒有罪咎。另一解釋為大王藉以在岐山而亨通，吉，沒有罪咎。
5222112,46,升,六五，貞吉，升階。,貞定為吉，登階而坐上主位。此言祭天之禮上天子登階而踏上主座，也就是踐阼之禮。
6222112,46,升,上六，冥升，利于不息之貞。,這種堅持如果用在好事是非常好的，反之，若用在壞事就很糟糕。最忌被權位沖昏了頭，耽溺於榮華富貴而停不下來。
1211212,47,困,初六，臀困于株木，入于幽谷，三歲不覿。,屁股困於枯木中，進入幽深的山谷裡，歷經三年都無法見到人。人不但受困於幽深的山谷，而且還無法安歇休息。
2211212,47,困,九二，困于酒食，朱紱方來，利用亨祀，征凶，无咎。,困於酒肉飲食，祭祀所用的朱色儀服才剛送到，宜於祭祀。若是進取而出征，凶，无咎。
3211212,47,困,六三，困于石，據于蒺蔾。入于其宮，不見其妻，凶。,受困於堅硬的石頭，所賴以據守的是有刺的蒺蔾草。進入他的宮室內，但見不到妻子。石頭為堅硬無情之物，而荊棘又會傷人，比喻所據所依相當不可靠。不見其妻為大凶，不祥之兆。
4211212,47,困,九四，來徐徐，困于金車，吝，有終。,遲遲才來，因受困於金車的緣故。悔恨，但總算能有結果。
5211212,47,困,九五，劓刖，困于赤紱。乃徐有說，利用祭祀。,割鼻又斷腿，紅色祭服無法送達。若能有耐心慢慢來，事緩則圓，就能取悅於人心，得以祭祀祈福。
6211212,47,困,上六，困于葛藟，于臲卼，曰動悔有悔，征吉。,困於藤蔓之中，又困於高危的險地。行動之後反省再反省，出征為吉。一方困於藤蔓之纏繞而無法活動，一方又處於高處而危險之地，可謂進退兩難。然而窮則變，變則通，如果能因此謀慮而後動，化被動為主動，勇敢出征則吉。正所謂攻擊是最好的防禦，窮極則通，上六為窮極而變之時，當以主動積極而突圍，出征為吉。
1212112,48,井,初六，井泥不食，舊井无禽。,井裡充滿了爛泥巴，井水因污穢而不能飲用。破舊壞掉的水井，無法聚集鳥獸。這是廢棄已久而不能使用的水井，積滿污泥，無水可喝。比喻君子不修德，則人民就會棄他而去。
2212112,48,井,九二，井谷射鮒，甕敝漏。,井底跳出小魚，裝水的甕破舊而漏水。水井本應該讓泉水往上湧出，以供人飲用，但現在井未修復，水量不足，僅能養小魚，不足以讓人飲用；儲水的甕破了在漏水，也無法裝水。
3212112,48,井,九三，井渫不食，為我心惻。可用汲，王明，並受其福。,水井再次湧出甘甜的泉水，可以為人所飲用，然而因為之前水井壞掉，壞名聲在前，所以還不能讓人所接納。若有英明而有眼光的大王來取用，眾人也可以同享福報。
4212112,48,井,六四，井甃无咎。,修補井牆，沒有罪咎。雖然井水早已重新湧出，但是硬體方面仍需加強，所以現在又要把水井的外圍用磚砌好，不只可以吸引人，而且也可以保有水井的完好。目前正在修築時期，不會有罪咎。
5212112,48,井,九五，井洌，寒泉食。,井水非常甘冽，受大家的喜愛而紛紛來飲用。
6212112,48,井,上六，井收勿幕，有孚元吉。,井已完成，不要將它覆蓋。有誠信，大吉。
1211121,49,革,初九，鞏用黃牛之革。,時機未到，尚無法有所改變。此時可以守成而無法革命。地位與權力還不夠，無法有所做為，所以仍應以鞏固原本的志向與基礎為吉，不能妄動。
2211121,49,革,六二，已日乃革之，征吉，无咎。,天命已來時才革命，出征吉，沒有罪咎。天命已降，變革的時機已到，可以取信於人。此時革命順天應民，因此不會有罪咎。
3211121,49,革,九三，征凶，貞厲。革言三就，有孚。,出征為凶，貞定則危險。革命之言再三審議可行之後，才確定可以行動。不論出征或貞定不動，都有其困難。但革命已是時勢所然，但若過於急躁，直接出征則凶。必需審議各方意見再三，才能確定革命。革命的決定，要相當的謹慎小心。
4211121,49,革,九四，悔亡，有孚，改命吉。,不用後悔，已確信，改天命，吉
5211121,49,革,九五，大人虎變，未占有孚。,大人的變革像老虎紋一樣的文理煥發，不需占卜就有信驗。革命之後，有為振作之時，如周公制禮作樂，此時正當大舉建立制度，讓一切步入正軌。此事不待占卜，即有應驗，大吉。
6211121,49,革,上六，君子豹變，小人革面，征凶，居貞吉。,君子變革有如豹一樣的敏捷而文章茂盛，小人(老百姓)則開始洗心革面。出征為凶，貞定則吉。
1121112,50,鼎,初六，鼎顛趾，利出否。得妾以其子，无咎。,鼎翻覆，鼎腳朝上，以利於倒出不要的東西。為了生子而納妾，沒有罪咎。
2121112,50,鼎,九二，鼎有實，我仇有疾，不我能即，吉。,鼎中裝滿美食，然而所來往的人並非善類，不要親近他則吉。
3121112,50,鼎,九三，鼎耳革，其行塞，雉膏不食。方雨虧悔，終吉。,鼎耳改變了，無法移動鼎，裡面肥美的雉雞，看得到卻是吃不到。等到下雨，鼎溫下降，終於不用悔恨，最後為吉。錯誤的創新反而誤了事。鼎耳原本應當在鼎上，當食物煮好時就可以利用鼎鉉移動鼎，將美食送上。但現在鼎耳卻改變了，變成在鼎腹之旁，使得熱鼎無法順利搬動。
4121112,50,鼎,九四，鼎折足，覆公餗，其形渥，凶。,鼎的腳折斷翻覆，把要獻給主公的肉粥給弄翻了，形態狼狽，凶。比喻人無法勝任所負責的重任，將受到嚴厲的刑罰。
5121112,50,鼎,六五，鼎黃耳金鉉，利貞。,鼎有黃金般的耳與金屬的鉉，利於貞定。
6121112,50,鼎,上九，鼎玉鉉，大吉，无不利。,有如鼎上玉製的鉉一樣尊貴，大吉，無往不利。
1221221,51,震,初九，震來虩虩，後笑言啞啞，吉。,震動，亨通。震動之來讓人害怕驚呼，但後來能夠笑顏逐開，吉。也可解釋為拍打瑞麥祈福而虩虩作響，大家一片歡笑，吉。
2221221,51,震,六二，震來厲，億喪貝，躋于九陵，勿逐，七日得。,震動帶來了危險，喪失了許多的財物。登上高陵，所失去的不必去追逐，七日就可復得。失財之象，但可失而復得。
3221221,51,震,六三，震蘇蘇，震行无眚。,雷停了又來，不斷反覆，有如變動一波未平一波又起。啟程前往，不會有災禍。
4221221,51,震,九四，震遂泥。,震動陷於泥濘之中。事情無法光大，志向無法伸展。
5221221,51,震,六五，震往來厲，億无喪，有事。,往外震動而引來危險，若能大有為則不會有所損失，然而會遇到一些狀況。
6221221,51,震,上六，震索索，視矍矍，征凶。震不于其躬，于其鄰，无咎。婚媾有言。,震動卻意氣消沉，因恐懼而眼神不安，以此出征，凶。震動不到自己，只到鄰居，沒有罪咎。婚媾而引來閒言閒語。
1122122,52,艮,初六，艮其趾，无咎，利永貞。,回頭看到他的腳，沒有罪咎。利於長久堅定守正。也可解釋為小心、注意他的腳，以避免墜落，因此而无咎。
2122122,52,艮,六二，艮其腓，不拯其隨，其心不快。,回頭看到他的小腿，看到時已來不及拯救他的失足墜落，因此心中相當不快。
3122122,52,艮,九三，艮其限，列其夤，厲熏心。,回頭看他的腰部，背脊受傷而撕裂，痛徹心扉。
4122122,52,艮,六四，艮其身，无咎。,照顧他的身體，沒有罪咎。
5122122,52,艮,六五，艮其輔，言有序，悔亡。,注意他的口頰，講話很有條理，不用悔恨。
6122122,52,艮,上九，敦艮，吉。,受到很好的照顧，吉。
1112122,53,漸,初六，鴻漸于干。小子厲，有言，無咎。,大雁逐漸飛到水岸邊，小孩追逐之而有落水的危險，大人斥喝才終免於罪咎。
2112122,53,漸,六二，鴻漸于磐，飲食衎衎，吉。,大雁飛到了水邊的大石頭上，很快樂地在上面享受美食，吉。
3112122,53,漸,九三，鴻漸于陸，夫征不復，婦孕不育，凶，利禦寇。,大雁飛到陸地，離開自己熟悉的水域。丈夫出征一去無回，婦人懷孕而無法養育兒子，凶。宜於抵禦賊寇。
4112122,53,漸,六四，鴻漸于木，或得其桷，无咎。,大雁飛到了樹上，或許可以找根粗壯的橫木來停歇，沒有罪咎。鴻鳥腳趾太長而相連，無法棲於一般的樹枝上，只有橫而粗的樹枝（桷）才可以棲息。此比喻在漸進的中途中，應當要能夠權宜而順應環境。
5112122,53,漸,九五，鴻漸于陵，婦三歲不孕，終莫之勝，吉。,大雁飛到了丘陵上，婦女三年無法懷孕。但終究能得償所願，最後為吉。
6112122,53,漸,上九，鴻漸于陸，其羽可用為儀，吉。,大雁飛到陸地上，它的羽毛可用於禮儀上，吉。鴻鳥原本飛離水邊越來越遠，現在則又往水邊飛回，雖然目前只飛回到陸地，但總算知道知所進退，懂得循序漸進，吉。
1221211,54,歸妹,初九，歸妹以娣，跛能履，征吉。,新娘的妹妹當做陪嫁，跛腳者也能走路。出征吉。跛腳者也能走路，但行動不便，也難遠行。此事雖吉，但無法有大成就。
2221211,54,歸妹,九二，眇能視，利幽人之貞。,弱視者也是能看得到，但是所看到的卻是不夠清楚，也不夠遠。利於像隱者一樣的貞定。
3221211,54,歸妹,六三，歸妹以須，反歸以娣。,嫁女以賤妾陪嫁，但因為不是很洽當，回頭又改以新娘妹妹為陪嫁。
4221211,54,歸妹,九四，歸妹愆期，遲歸有時。,嫁人過了期，遲嫁最後還是會有個時間。女子年歲早到已婚之齡，卻仍未出嫁。然而天下沒有嫁不出去的新娘，婚期不是不到，只是未到，一定會有來到的一天。凡事靜靜等待，終有等到的一天。
5221211,54,歸妹,六五，帝乙歸妹，其君之袂不如其娣之袂良，月幾望，吉。,帝乙嫁女兒，其夫君衣袖的裝飾連陪嫁女的都比不上。月亮即將滿月，吉。
6221211,54,歸妹,上六，女承筐无實，士刲羊无血，无攸利。,女子捧著獻禮用的竹框卻是空的，男子殺羊卻殺不出血。此事無法有所利益。此言婚禮的祭祀準備過程非常的不順利，狀況連連，很多的不祥之兆，因此說無所利。程頤則認為，婦人捧筐，丈夫刲羊，是夫妻祭祀先祖的分工，夫妻兩人皆不勝任，是夫婦將離絕。
1221121,55,豐,初九，遇其配主，雖旬无咎。往有尚。,遇到招待的女主人，雖然已經有一旬，但不會有罪咎，前往能得到獎賞。然而若是久留過旬，則會有災難。
2221121,55,豐,六二，豐其蔀，日中見斗，往得疑疾，有孚發若，吉。,太陽被厚厚的雲所遮蔽，以至於日正當中時竟然天黑，可以見到斗星。貿然前往一定會遭到猜疑，但若能以誠信慢慢感化則吉。前段言太陽被遮蔽而黯淡無光，比喻君王被小人所蒙蔽。後段言君子因被蒙蔽而有了疑心病，為臣者必需以誠信才能夠啟發君王。
3221121,55,豐,九三，豐其沛，日中見沬，折其右肱，无咎。,天空更暗，以至於日正當中時還能夠見到小小的沬星。右臂折斷，沒有罪咎。
4221121,55,豐,九四，豐其蔀，日中見斗，遇其夷主，吉。,太陽被厚厚的雲所遮蔽住，以至於日正當中時竟然天黑，可以見到斗星。遇到昏暗時代中的主人，吉。
5221121,55,豐,六五，來章，有慶譽，吉。,引來章美，得到慶賀與讚譽，吉。
6221121,55,豐,上六，豐其屋，蔀其家，闚其戶，闃其无人，三歲不覿，凶。,盛大其住屋，覆蓋其住家。窺探他家門戶，空空不見人影。三年都看不到人，凶。此言住屋豪華極奢，但將家裡封閉起來，隔絕於外。外人只能偷窺他的門戶，裡面是空空不見人影，此言小人得勢之後高傲而孤僻，如此自絕，久當遭禍，三年必將應驗。
1121122,56,旅,初六，旅瑣瑣，斯其所取災。,行旅在外而與人斤斤計較，因此而引來災難。
2121122,56,旅,六二，旅即次，懷其資，得童僕貞。,行旅在外而找到了旅舍，財物藏於身而不露白，得到了值得信任的童僕。
3121122,56,旅,九三，旅焚其次，喪其童僕，貞厲。,所住的旅舍被焚毀，跟隨的僕人也不見。堅持則危險。
4121122,56,旅,九四，旅于處，得其資斧，我心不快。,旅途中找到歇腳的地方，得到了一些資財以及斧頭，但心中仍然很不愉快。雖然得到財物與防身及劈荊斬棘之用的斧頭，然而畢竟連個安身之所都沒有，再加諸先前所託非人，因此心中相當不悅。
5121122,56,旅,六五，射雉，一矢亡，終以譽命。,射雉雞，雖然射中了，但雉雞飛了，連箭也一起遺失。雖然沒有得到雉雞，又丟了一隻箭，但卻因此得到了獎賞。言所喪失的東西不多，但所得到的名聲卻很高。所損失者小，所獲得者多，塞翁失馬，焉知非福。
6121122,56,旅,上九，鳥焚其巢，旅人先笑後號咷，喪牛于易，凶。,鳥巢被焚毀，旅人先是大笑，而後號咷大哭。在「有易」這個地方喪失了牛，大凶。
1112112,57,巽,初六，進退，利武人之貞。,進退不果，宜於武人的堅定。意志不堅，心生懷疑，不夠果斷。反之對於武夫、軍人等意志較剛強的人而言則非常有利，因為這類型的人做事不會有猶疑不定的弊病。
2112112,57,巽,九二，巽在床下，用史巫紛若，吉，无咎。,拜伏於牀下，有如史巫一樣的祭禱，吉，沒有罪咎。此言謙卑而誠心的禱告，將得保祐而吉。
3112112,57,巽,九三，頻巽，吝。,憂愁的跪伏，吝。志短而心生憂戚，有志難伸。
4112112,57,巽,六四，悔亡，田獲三品。,不再後悔，打獵捕獲的獵物很多，足以做為三種品類的用途。心中陰霾盡去，心想事成，所求必得，可以成功。若是求財，則有大的收獲。
5112112,57,巽,九五，貞吉悔亡，无不利，无初有終，先庚三日，後庚三日，吉。,貞定則吉而不再後悔，無不利。沒有開始，卻有結果。庚日之前三天（丁日，丁寧的意思），庚日之後三天（癸日，揆度的意思），都是吉日。或言命令的變更施行，一定要審慎，前三天要就要開始準備與試行，施行之後三天還要持續追蹤與了解其施行的狀況。
6112112,57,巽,上九，巽在床下，喪其資斧，貞凶。,拜伏於牀下，喪失了財產與斧頭，堅定為凶。資斧象徵的是權力、權位，決斷的工具。喪失決斷工具，則不足以申命行權。
1211211,58,兌,初九，和兌，吉。,內心相應的談話，吉。和兌類似於「相談甚歡」的意思，言兩人對話彼此相應，非常和諧，所以為吉。
2211211,58,兌,九二，孚兌，吉，悔亡。,誠信交心的對話，吉，不會有後悔。
3211211,58,兌,六三，來兌，凶。,前來關說，凶。
4211211,58,兌,九四，商兌未寧，介疾有喜。,商量討論一直不定，與惡畫清界限則有喜。此言與人商討事情一直不順遂，無法有結果。若行事公正不偏，與不義畫清界線，則終有喜慶，表示商討可以有結果。反之，若有偏頗則有罪咎
5211211,58,兌,九五，孚于剝，有厲。,信於小人之邪道，有危險。
6211211,58,兌,上六，引兌。,引見而關說。這是屬於走後門的關說，不甚光明正大。爻辭未言吉凶，但於道德上並不洽當。
1112212,59,渙,初六，用拯馬壯，吉。,以強壯的馬來拯救，吉。在渙散初期，很容易拯救，更何況得到壯馬。
2112212,59,渙,九二，渙奔其机，悔亡。,渙散逃到一個可以倚身安歇的地方，不再後悔。
3112212,59,渙,六三，渙其躬，无悔。,自己逃難，無悔。
4112212,59,渙,六四，渙其群，元吉。渙有丘，匪夷所思。,解散其群眾，大吉。逃離到山丘，不是一般人所能想到的。
5112212,59,渙,九五，渙其汗，大號，渙王居，无咎。,危險的解除，有如發汗而讓人病癒，君王大舉號令天下，美煥其居所，煥然一新，沒有罪咎。
6112212,59,渙,上九，渙其血，去逖出，无咎。,流了血，災難過去，憂慮不在，沒有罪咎。此言險難已過，危險不在，不需再憂心。
1212211,60,節,初九，不出戶庭，无咎。,不出家中的門庭，沒有罪咎。前有危險阻塞，讓人無法前進。人之榮通本來就有個時機，現在既然處於阻塞不通的時候，就應當不出門戶，深居簡出，凡事簡單退守，則能免於罪咎。
2212211,60,節,九二，不出門庭，凶。,不出家中的門庭，凶。外面的危險與自己無關，則應當走出家門，但卻仍然深居簡出，不出門庭，節制太過，所以凶。
3212211,60,節,六三，不節若，則嗟若，无咎。,不節制，則哭泣，沒有罪咎。不知節制，則要後悔感嘆。此時處於應當節制的時候，若反而縱情肆欲，毫不節制，將會走入窮困，後悔莫及。
4212211,60,節,六四，安節，亨。,安於節制，可以亨通。能夠承受上司的節制，遵照與奉行上面的旨意而行事，謹守君臣之道，可以亨通。
5212211,60,節,九五，甘節，吉。往有尚。,甘於節制，對於節制甘之如飴，吉，前往可以有賞。
6212211,60,節,上六，苦節，貞凶，悔亡。,辛苦的節制，堅持則凶。不需後悔。
1112211,61,中孚,初九，虞吉，有它不燕。,用心專一則吉，心不專一、旁騖於他則不安。
2112211,61,中孚,九二，鳴鶴在陰，其子和之；我有好爵，吾與爾靡之。,母鶴在看不到的地方鳴叫，小鶴與其相呼應。我有好的酒杯，和你一起共飲美酒。此比喻人立心誠篤，就會得到感應與共鳴。就如母鶴與小鶴心靈可以相通，雖然在看不到的地方鳴叫，小鶴仍能以鳴聲與母鶴相呼應。
3112211,61,中孚,六三，得敵，或鼓或罷，或泣或歌。,樹立了敵人，讓人坐立難安，不知要進攻前進還是要停戰作罷；不知要悲哀地哭泣還是高歌一曲。
4112211,61,中孚,六四，月幾望，馬匹亡，无咎。,月亮就要變滿月了，馬匹卻丟失不見了，沒有罪咎。（月幾望為不利出征之象）
5112211,61,中孚,九五，有孚攣如，无咎。,以誠信相互提攜，沒有罪咎。此言彼此誠信相待，互相信任，能夠心手相連。
6112211,61,中孚,上九，翰音登于天，貞凶。,雞飛上天，堅定則凶。此言不要把反常的現象當做常態，以此為堅持當然為凶。
1221122,62,小過,初六，飛鳥以凶。,小過卦宜下不宜上，宜靜不宜動，初六卻反而振翅高飛，凶。
2221122,62,小過,六二，過其祖，遇其妣。不及其君，遇其臣，无咎。,越過了祖父，遇到了祖母。無法與君王會面，卻遇到了臣子。沒有罪咎。此言做事將受阻，或者與重要人物擦身而過，或者中途殺出程咬金，阻擋去路，因而無法成事，或因此無法找到想找的人。
3221122,62,小過,九三，弗過防之，從或戕之，凶。,無法通過，對他嚴加防備。放縱反而可能因此傷害於他，凶。
4221122,62,小過,九四，无咎，弗過遇之，往厲必戒，勿用永貞。,沒有罪咎。無法通過、躲過小人，只能與其相逢相遇。動身前往則必危險，應當戒之。不當永遠堅持於此。陽與陰互相靠近，但陽仍無法超過陰（喻指小人、女子）；前往必有危險，一定要心存戒心，絕不可聽從小人或女子。此事只能當做一時權宜之行事，千萬不要想要永遠堅持於此道。
5221122,62,小過,六五，密雲不雨，自我西郊，公弋取彼在穴。,烏雲密布卻不下雨，一直從西方的郊外聚集而來。主公射擊捕獲躲在洞中的小鳥。此段是意指小事可成，大事不可。
6221122,62,小過,上六，弗遇過之，飛鳥離之，凶，是謂災眚。,無法相遇而超過，高飛的小鳥遭網捕獲。凶，會有災難。
1212121,63,既濟,初九，曳其輪，濡其尾，无咎。,拉著車輪，沾溼了尾巴，沒有罪咎。車輪被陷住，無法前進。狐狸的尾巴被水沾濕，使其行動不便。然而由於謹慎小心，不輕舉妄動，所以無咎。
2212121,63,既濟,六二，婦喪其茀，勿逐，七日得。,婦人喪失了飾品，不必去追逐，失物七日自然回來。婦人，已嫁人者稱作婦。茀，音福，女子的頭飾，或者車子的蓬蓋。婦喪其茀，失去首飾或車子的蓬蓋，所以不能出行。
3212121,63,既濟,九三，高宗伐鬼方，三年克之，小人勿用。,高宗征伐鬼方，要三年才攻下。小人則無法承擔如此之重責大任。此比喻事情困難，只有有才德的君子，才堪此重任。即使如此，也要多年時間才得以完成。此亦告戒占者，當專心於內務，不要輕易往外征伐為宜。
4212121,63,既濟,六四，繻有衣袽，終日戒。,旅人在外，穿著衣服雖然破舊，但是鬼方還是會來偷竊，因此終日警戒。
5212121,63,既濟,九五，東鄰殺牛，不如西鄰之禴祭，實受其福。,東鄰殺牛很豐盛，但不如西鄰以簡單的禴祭實惠而能受到神的福祐。此亦告戒君子，除謹守簡約之道，凡事都要順應時機，誠心誠意。
6212121,63,既濟,上六，濡其首，厲。,弄濕了頭，危險。已到既濟的盡頭，時局將轉為不濟。不知深淵在前，而暴虎馮河，所以有濡首之象。注意有滅頂的危險。
1121212,64,未濟,初六，濡其尾，吝。,狐狸的尾巴被水沾濕，自取其濡（辱）。不知自己的極限、能耐，而遭此濡。
2121212,64,未濟,九二，曳其輪，貞吉。,車輪陷住，無法前進，貞定為吉。因禍得福。雖然車子出狀況，但正因為如此而不貿然前進，更加謹慎小心，衡量輕重，知所貞定而吉。
3121212,64,未濟,六三，未濟，征凶，利涉大川。,未得救濟，出征凶，利於涉險渡河。居於坎陷、危險的盡頭，水最深，必須倚賴大木才能渡水。自己能力不夠，如果貿然前進則有滅頂之患，征凶。
4121212,64,未濟,九四，貞吉，悔亡。震用伐鬼方，三年有賞于大國。,貞定則吉，免於後悔。振作而大舉征伐鬼方，必需花費三年時間才能攻下，然後受到大國的封賞。
5121212,64,未濟,六五，貞吉，无悔。君子之光，有孚，吉。,貞定則吉，免於後悔。君子的德性光暉，能夠打動人心而讓人信服，吉。
6121212,64,未濟,上九，有孚于飲酒，无咎。濡其首，有孚失是。,相信於飲食喝酒之宴樂，沒有罪咎。但若喝酒喝到頭都埋於酒中而濕了頭，那麼相信也將會失去這一切。未濟已過，將轉既濟。信於既濟（有孚），適度的飲酒逸樂無傷大雅，但告戒君子當有所節制，不能耽溺。
